node1,node2,weight
1,2,0.9
1,3,0.8
1,4,1
1,5,0.7
1,6,0.9
1,7,0.95
1,8,0.85
1,9,0.6
1,10,0.85
1,13,0.65
1,15,0.55
1,17,0.95
1,19,0.8
1,20,0.6
1,21,0.8
1,23,0.8
1,29,0.7
1,31,0.6
1,32,0.55
1,33,0.85
1,34,0.55
1,35,0.7
1,36,0.65
1,39,0.9
1,41,0.9
1,47,0.65
1,51,0.55
1,54,0.55
1,56,0.6
1,57,0.8
1,60,0.9
1,61,0.75
1,62,0.25
1,64,0.65
1,68,0.6
1,71,0.55
1,74,0.55
1,76,0.6
1,78,0.55
1,80,0.6
1,81,0.55
1,101,0.55
1,104,0.55
1,109,0.55
1,110,0.55
1,111,0.6
1,114,0.6
1,115,0.55
1,119,0.55
1,120,0.65
1,125,0.6
1,132,0.55
1,134,0.65
1,135,0.7
1,138,0.55
1,139,0.6
1,141,0.55
1,143,0.75
1,144,0.75
1,145,0.55
1,159,0.6
1,165,0.55
1,171,0.6
1,178,0.85
1,180,0.55
1,192,0.65
1,197,0.9
1,202,0.55
1,215,0.55
1,219,0.65
1,223,0.85
1,225,0.55
1,227,0.55
1,234,0.55
1,245,0.55
1,247,0.55
1,251,0.6
1,260,0.55
1,261,0.55
1,266,0.55
1,270,0.75
1,271,0.55
1,274,0.55
1,296,0.55
1,304,0.65
1,308,0.65
1,309,0.6
1,311,0.55
1,312,0.55
1,320,0.65
1,324,0.55
1,330,0.75
1,350,0.55
1,353,0.75
1,356,0.55
1,384,0.55
1,396,0.7
1,399,0.55
1,416,0.55
1,421,0.6
1,431,0.55
1,438,0.55
1,442,0.55
1,464,0.55
1,481,0.55
1,486,0.55
1,492,0.55
1,494,0.55
2,1,0.9
2,3,0.9
2,4,0.75
2,6,0.75
2,7,0.75
2,13,0.55
2,20,0.75
2,21,0.75
2,23,0.75
2,39,0.9
2,41,0.6
2,54,0.6
2,60,0.75
2,62,0.9
2,77,0.6
2,110,0.55
2,132,0.6
2,135,0.6
2,142,0.55
2,149,0.55
2,156,0.55
2,166,0.55
2,167,0.9
2,178,0.65
2,198,0.75
2,202,0.6
2,204,0.45
2,223,0.9
2,245,0.9
2,401,0.6
2,455,0.55
4,1,1
4,2,0.8
4,3,0.85
4,6,0.75
4,7,0.85
4,13,0.9
4,17,0.65
4,19,0.8
4,26,0.55
4,31,0.55
4,35,0.75
4,39,0.55
4,41,0.55
4,45,0.8
4,57,0.75
4,61,0.6
4,62,0.85
4,66,0.6
4,72,0.7
4,87,0.55
4,125,0.6
4,189,0.55
4,202,0.9
4,282,0.6
4,304,0.75
4,319,0.75
4,352,0.6
4,423,0.1
4,425,0.75
4,455,0.6
4,466,0.55
4,492,0.7
5,1,0.65
5,6,0.65
5,7,0.55
6,1,0.9
6,2,0.7
6,4,0.6
6,5,0.6
6,7,0.75
6,10,0.65
6,32,0.55
6,35,0.7
6,114,0.6
6,173,0.65
6,198,0.6
6,219,0.7
6,258,0.55
6,268,0.65
6,280,0.55
6,384,0.8
7,1,0.85
7,2,0.75
7,3,0.8
7,4,0.7
7,5,0.55
7,6,0.65
7,13,0.55
7,17,0.8
7,19,0.75
7,20,0.7
7,21,0.75
7,23,0.7
7,28,0.6
7,29,0.6
7,33,0.6
7,34,0.55
7,35,0.6
7,36,0.65
7,39,0.75
7,41,0.75
7,47,0.55
7,53,0.7
7,54,0.75
7,55,0.55
7,56,0.65
7,57,0.7
7,60,0.75
7,62,0.8
7,64,0.75
7,68,0.65
7,72,0.6
7,76,0.55
7,78,0.55
7,80,0.65
7,88,0.75
7,89,0.6
7,96,0.55
7,100,0.6
7,108,0.55
7,109,0.55
7,110,0.65
7,111,0.55
7,113,0.75
7,116,0.6
7,120,0.75
7,122,0.55
7,125,0.65
7,129,0.7
7,132,0.75
7,133,0.55
7,134,0.65
7,135,0.6
7,137,0.55
7,141,0.6
7,142,0.65
7,143,0.7
7,144,0.55
7,152,0.6
7,153,0.6
7,155,0.7
7,156,0.55
7,159,0.55
7,161,0.65
7,166,0.55
7,171,0.7
7,175,0.6
7,179,0.45
7,184,0.6
7,185,0.55
7,188,0.55
7,193,0.65
7,195,0.55
7,198,0.65
7,200,0.6
7,202,0.7
7,203,0.65
7,204,0.55
7,206,0.6
7,207,0.65
7,209,0.6
7,210,0.55
7,212,0.55
7,215,0.75
7,219,0.55
7,222,0.65
7,228,0.55
7,232,0.65
7,235,0.75
7,240,0.6
7,243,0.7
7,249,0.55
7,254,0.55
7,260,0.7
7,266,0.6
7,269,0.55
7,270,0.75
7,272,0.6
7,280,0.6
7,283,0.65
7,285,0.55
7,293,0.6
7,294,0.55
7,296,0.7
7,304,0.65
7,310,0.45
7,314,0.6
7,322,0.7
7,326,0.55
7,330,0.75
7,345,0.6
7,351,0.65
7,354,0.55
7,358,0.65
7,361,0.6
7,365,0.55
7,368,0.55
7,378,0.55
7,383,0.55
7,386,0.6
7,393,0.55
7,405,0.6
7,410,0.45
7,417,0.75
7,418,0.6
7,419,0.65
7,424,0.6
7,425,0.65
7,429,0.55
7,440,0.6
7,447,0.65
7,449,0.55
7,460,0.6
7,465,0.65
7,472,0.45
7,473,0.55
7,480,0.55
7,481,0.55
7,484,0.6
7,489,0.55
7,494,0.7
7,498,0.6
8,1,0.65
9,1,1
10,1,0.9
10,2,0.85
10,3,0.85
10,6,0.85
10,8,0.55
10,21,0.9
10,25,1
10,41,0.9
13,1,0.9
13,2,0.6
13,4,0.9
13,6,0.45
13,7,0.55
13,10,0.9
13,16,0.9
13,17,0.6
13,25,1
13,29,0.6
13,34,0.55
13,35,0.65
13,41,0.7
13,54,0.6
13,56,0.55
13,96,0.55
13,104,0.65
13,120,0.6
13,135,0.75
13,156,0.55
13,159,0.55
13,160,0.6
13,199,0.55
13,200,0.55
13,270,0.55
13,308,0.55
13,342,0.6
13,350,0.6
13,353,0.8
13,425,0.6
13,468,0.55
13,491,0.65
13,492,0.55
13,493,0.65
15,36,0.55
15,70,0.55
15,93,0.55
15,96,0.65
15,97,0.6
15,167,0.55
15,239,0.7
15,297,0.6
15,455,0.55
17,1,0.95
17,3,0.75
17,4,0.55
17,7,0.7
17,13,0.6
17,20,0.6
17,23,0.55
17,28,0.55
17,39,0.55
17,81,0.55
17,149,0.6
17,254,0.55
17,375,0.6
17,418,0.6
19,1,0.95
19,4,0.65
19,7,0.95
19,23,0.75
19,64,0.65
19,325,0.55
21,1,0.9
21,2,0.75
21,3,0.85
21,7,0.75
21,8,0.95
21,10,0.9
21,36,0.6
21,39,0.6
21,60,0.75
21,77,0.75
21,93,0.9
21,114,0.55
21,132,0.6
21,235,0.55
21,284,0.55
21,308,0.8
21,467,0.55
21,490,0.9
23,1,0.85
23,7,0.75
23,17,0.55
23,19,0.55
23,20,0.55
23,32,0.55
23,69,0.55
23,108,0.55
23,113,0.7
23,231,0.55
23,263,0.6
26,4,0.55
26,35,0.65
28,7,0.55
28,35,0.55
28,69,0.65
28,132,0.55
28,231,0.55
28,374,0.55
29,1,0.7
29,7,0.6
29,13,0.6
29,51,0.55
29,52,0.55
29,60,0.6
29,62,0.6
29,120,0.6
29,135,0.55
29,171,0.55
29,186,0.55
29,198,0.55
29,206,0.55
29,212,0.55
29,219,0.55
29,251,0.6
29,256,0.55
29,270,0.55
29,274,0.6
29,280,0.55
29,302,0.55
29,304,0.55
29,328,0.55
29,347,0.55
29,383,0.6
29,411,0.55
29,476,0.55
31,1,0.65
31,4,0.6
32,1,0.55
32,6,0.55
32,23,0.55
33,1,0.9
33,7,0.6
33,35,0.7
33,51,0.55
33,57,0.55
33,202,0.55
33,215,0.55
33,325,0.55
34,1,0.55
34,7,0.55
34,13,0.55
35,1,0.55
35,6,0.6
35,7,0.6
35,13,0.65
35,26,0.55
35,28,0.55
35,33,0.65
35,56,0.6
35,65,0.55
35,69,0.55
35,70,0.55
35,79,0.55
35,96,0.55
35,104,0.65
35,110,0.6
35,143,0.65
35,149,0.6
35,186,0.6
35,246,0.55
35,248,0.6
35,251,0.55
35,267,0.55
35,280,0.55
35,322,0.55
35,350,0.55
35,353,0.55
35,374,0.55
35,380,0.55
35,387,0.55
35,390,0.6
35,415,0.55
35,436,0.55
35,458,0.55
35,464,0.55
35,472,0.45
35,492,0.65
36,1,0.7
36,7,0.7
36,21,0.6
36,35,0.6
36,37,0.55
36,41,0.6
36,46,0.55
36,78,0.6
36,88,0.65
36,202,0.65
36,239,0.6
36,390,0.6
36,492,0.6
36,500,0.55
37,36,0.55
37,44,0.55
37,77,0.55
37,93,0.6
37,141,0.6
37,219,0.6
37,239,0.55
37,301,0.55
39,1,0.9
39,2,0.9
39,4,0.55
39,7,0.65
39,17,0.65
39,21,0.6
39,44,0.55
39,45,0.55
39,69,0.6
39,109,0.55
39,114,0.55
39,143,0.6
39,149,0.7
39,167,0.9
39,223,0.9
39,239,0.55
39,245,0.9
39,298,0.65
39,308,0.6
39,415,0.9
41,1,0.9
41,4,0.55
41,7,0.95
41,10,0.7
41,13,0.65
41,36,0.6
41,60,0.55
41,64,0.55
41,68,0.55
41,70,0.55
41,75,0.55
41,83,0.55
41,86,0.55
41,89,0.55
41,104,0.55
41,105,0.55
41,110,0.55
41,132,0.55
41,137,0.55
41,140,0.55
41,141,0.55
41,147,0.55
41,148,0.55
41,157,0.55
41,162,0.55
41,163,0.55
41,167,0.55
41,168,0.55
41,174,0.55
41,201,0.55
41,202,0.6
41,233,0.6
41,257,0.6
41,265,0.55
41,304,0.55
41,357,0.6
41,372,0.55
44,37,0.55
44,39,0.55
45,4,0.75
45,39,0.6
45,53,0.6
45,54,0.6
45,62,0.75
45,171,0.6
45,176,0.65
45,313,0.55
45,315,0.55
45,318,0.55
45,435,0.55
46,36,0.55
47,1,0.6
47,7,0.55
51,1,0.55
51,29,0.55
51,33,0.55
51,96,0.6
51,104,0.55
51,384,0.75
51,404,0.55
51,451,1
51,453,0.55
52,29,0.55
53,7,0.7
53,45,0.6
54,1,0.55
54,2,0.6
54,7,0.8
54,13,0.6
54,45,0.6
54,62,0.6
54,129,0.55
55,7,0.55
56,1,0.6
56,7,0.65
56,13,0.55
56,35,0.6
56,60,0.6
56,114,0.55
56,202,0.55
57,1,0.85
57,4,0.6
57,7,0.9
57,25,0.6
57,33,0.55
57,64,0.75
57,110,0.55
57,144,0.55
57,228,0.65
57,353,0.6
57,401,0.55
60,1,0.85
60,7,0.85
60,21,0.55
60,29,0.6
60,41,0.55
60,56,0.6
60,75,0.65
60,77,0.7
60,78,0.55
60,87,0.55
60,88,0.6
60,100,0.6
60,104,0.6
60,108,0.55
60,112,0.7
60,142,0.55
60,147,0.55
60,148,0.6
60,159,0.6
60,160,0.55
60,164,0.75
60,172,0.55
60,178,0.6
60,191,0.7
60,193,0.55
60,194,0.55
60,198,0.55
60,199,0.55
60,202,0.65
60,205,0.55
60,208,0.65
60,209,0.65
60,212,0.7
60,213,0.6
60,214,0.6
60,217,0.6
60,218,0.55
60,223,0.85
60,224,0.7
60,228,0.55
60,229,0.6
60,230,0.55
60,231,0.55
60,242,0.8
60,243,0.75
60,244,0.7
60,250,0.65
60,251,0.55
60,252,0.55
60,254,0.65
60,255,0.55
60,257,1
60,261,0.6
60,264,0.7
60,265,0.7
60,269,0.55
60,273,0.6
60,276,0.65
60,279,0.6
60,285,0.55
60,299,0.6
60,312,0.7
60,340,0.55
61,2,0.6
61,4,0.65
61,20,0.9
61,77,0.7
61,109,1
62,29,0.55
62,54,0.6
62,69,0.55
62,75,0.6
62,149,0.55
62,196,0.55
62,202,0.6
62,208,0.55
62,249,0.55
62,285,0.55
62,293,0.65
62,304,0.55
62,312,0.55
62,325,0.55
64,1,0.65
64,3,0.55
64,7,0.65
64,41,0.55
64,57,0.65
64,68,0.55
64,80,0.55
64,94,0.55
64,100,0.55
64,104,1
64,112,0.6
64,142,0.55
64,166,0.55
64,167,0.55
64,186,0.55
64,189,0.65
64,202,0.55
64,219,0.55
64,238,0.55
64,249,0.55
64,256,0.55
64,272,0.55
64,288,0.55
64,300,0.55
64,301,0.55
64,304,0.6
64,309,0.65
64,312,0.55
64,316,0.55
64,317,0.55
64,350,0.55
64,353,0.55
64,383,0.55
64,399,0.55
64,407,0.55
64,441,0.55
64,472,0
64,477,0.55
64,487,0.55
64,488,0.55
64,491,0.6
64,492,0.55
65,35,0.6
66,4,0.6
68,1,0.6
68,7,0.6
68,41,0.55
68,64,0.55
68,97,0.55
69,23,0.55
69,28,0.65
69,35,0.6
69,39,0.6
69,62,0.55
69,81,0.6
69,99,0.7
70,15,0.55
70,35,0.55
70,41,0.55
70,95,0.55
70,96,0.55
71,1,0.9
72,4,0.7
72,21,0.55
72,113,0.55
72,132,0.6
74,1,0.55
75,1,0.6
75,7,0.65
75,41,0.6
75,60,0.65
75,62,0.6
75,132,0.55
75,179,0.55
76,1,0.6
76,7,0.55
76,110,0.65
77,1,0.65
77,6,0.65
77,15,0.55
77,20,0.65
77,21,0.75
77,23,0.55
77,28,0.65
77,37,0.55
77,39,0.65
77,60,0.7
77,61,0.65
77,112,0.55
77,115,0.65
77,125,0.55
77,131,0.55
77,256,0.55
77,308,0.55
77,350,0.55
77,396,0.55
77,412,0.55
78,1,0.55
78,7,0.55
78,36,0.6
78,60,0.55
78,132,0.65
78,144,0.65
78,146,0.55
78,149,0.55
79,35,0.55
80,7,0.55
80,25,0.6
80,64,0.55
80,81,0.9
80,143,0.55
80,149,0.75
80,165,0.8
80,204,0.55
80,241,0.65
80,286,0.55
80,330,0.65
80,403,0.55
81,1,0.55
81,17,0.55
81,69,0.6
81,93,0.65
81,107,0.6
81,149,0.55
83,41,0.55
86,41,0.55
87,4,0.55
87,60,0.55
88,7,0.65
88,36,0.65
88,60,0.7
88,101,0.95
88,104,0.65
89,7,0.6
89,41,0.55
93,21,0.9
93,61,0.65
93,62,0.65
93,81,0.6
93,96,0.6
93,304,0.55
94,64,0.55
95,35,0.55
95,70,0.65
95,415,0.55
96,6,0
96,7,0.6
96,13,0.55
96,15,0.7
96,35,0.55
96,51,0.6
96,70,0.65
96,93,0.6
96,104,0.6
96,106,0.55
96,107,0.6
96,112,0.55
96,184,0.55
96,242,0
97,15,0.6
97,68,0.55
99,69,0.55
100,1,0.65
100,7,0.7
100,60,0.6
100,64,0.55
100,101,0.55
100,111,0.55
100,132,0.55
100,202,0.55
101,1,0.55
101,103,0.55
101,134,0.55
101,315,0
101,454,0.55
104,1,0.6
104,13,0.7
104,23,1
104,35,0.65
104,41,0.55
104,51,0.55
104,60,0.65
104,64,0.75
104,88,0.65
104,96,0.55
104,108,0.55
104,110,0.6
104,111,0.7
104,113,0.55
104,132,0.55
104,149,0.55
104,153,0.6
104,171,0.55
104,177,0.6
104,179,0.45
104,189,0.6
104,190,0.55
104,191,0.55
104,202,0.65
104,296,0.75
104,356,0.65
104,363,0.65
104,418,0.6
104,427,0.65
104,462,0.6
104,499,0.7
105,41,0.55
106,96,0.55
107,81,0.65
107,96,0.6
108,7,0.55
108,23,0.55
108,60,0.55
108,104,0.55
109,7,0.55
109,39,0.55
109,61,0.55
110,1,0.55
110,2,0.55
110,7,0.55
110,41,0.55
110,57,0.55
110,76,0.6
110,104,0.55
110,134,0.55
110,142,0.55
110,143,0.55
110,144,0.55
110,155,0.55
111,1,0.55
111,7,0.55
111,100,0.55
111,104,0.7
111,499,1
112,1,0.55
112,23,0.6
112,28,0.6
112,60,0.7
112,61,0.6
112,64,0.6
112,77,0.55
112,93,0.6
112,96,0.55
112,110,0.55
112,115,0.6
112,174,0.55
112,223,0.55
112,235,0.55
113,7,0.9
113,23,0.6
113,25,1
113,57,0.6
113,72,0.55
113,104,0.55
113,125,0.6
113,132,0.65
113,135,0.6
113,158,0.55
113,166,0.55
113,171,0.55
113,173,0.6
113,203,0.6
113,219,0.55
113,244,0.55
113,295,0.55
113,317,0.55
113,468,0.85
114,1,0.6
114,21,0.55
114,39,0.55
114,146,0.55
114,149,0.55
115,1,0.55
115,2,0.65
115,3,0
115,17,0.55
115,35,0.65
115,39,0.55
115,62,0
115,69,0.65
115,77,0.65
115,78,0.55
116,7,0.6
119,1,1
119,25,0.55
119,127,1
120,7,0.75
120,13,0.65
122,7,0.55
122,78,0.55
125,1,0.75
125,4,0.6
125,7,0.7
125,77,0.6
125,108,0.55
125,113,0.6
125,171,0.55
127,119,1
127,132,0.55
129,54,0.55
129,149,0.55
132,1,1
132,2,0.6
132,7,1
132,21,0.75
132,28,0.55
132,41,0.55
132,72,0.65
132,75,0.55
132,78,0.65
132,100,0.55
132,104,0.55
132,113,0.65
132,127,0.6
132,134,0.55
132,138,0.55
132,139,0.55
132,142,0.55
132,144,0.55
132,149,0.55
132,152,0.55
132,156,0.7
132,157,0.6
132,159,0.55
132,162,0.55
132,169,0.6
132,181,0.55
132,198,0.6
132,202,0.6
132,489,0.55
133,7,0.55
134,1,0.55
134,7,0.65
134,101,0.55
134,110,0.55
134,132,0.55
134,141,0.75
134,202,0.55
134,389,0.55
134,390,0.55
134,468,0.55
135,1,0.55
135,2,0.55
135,6,0.55
135,25,0.45
135,29,0.55
135,113,0.6
135,143,0.55
135,152,0.55
135,167,0.55
135,178,0.55
135,179,0.45
135,181,0.55
135,187,0.55
135,192,0.6
135,202,0.6
135,204,0.4
135,209,0.55
135,214,0.55
135,223,0.55
135,245,0.55
135,270,0.55
135,293,0.55
135,303,0.55
135,304,0.55
135,330,0.45
135,342,0.45
135,353,0.55
135,355,0.55
135,395,0.45
137,7,0.55
137,41,0.55
138,1,0.55
138,132,0.55
139,1,0.6
139,132,0.55
139,202,0.55
140,41,0.55
141,1,0.6
141,7,0.65
141,37,0.6
141,41,0.55
141,134,0.75
141,186,0.55
141,202,0.55
141,242,0.55
141,256,0.55
141,273,0.55
141,275,0.55
141,285,0.55
141,484,0.65
141,497,0.55
142,2,0.55
142,7,0.7
142,60,0.55
142,64,0.55
142,110,0.55
142,132,0.55
142,143,0.6
142,170,0.55
142,203,0.55
142,320,0.55
143,1,0.75
143,7,0.75
143,35,0.65
143,39,0.6
143,80,0.55
143,81,0.55
143,110,0.55
143,135,0.55
143,142,0.6
143,144,0.55
143,153,0.55
143,173,0.55
143,183,0.55
143,192,0.55
143,202,0.55
143,215,0.55
143,351,0.55
143,380,0.55
143,396,0.55
144,1,0.75
144,7,0.55
144,57,0.55
144,78,0.75
144,110,0.55
144,132,0.55
144,143,0.55
144,153,0.55
144,161,0.55
144,178,0.55
144,181,0.55
144,198,0.6
144,202,0.9
144,224,0.55
144,273,0.55
144,282,0.55
144,283,0.55
144,353,0.55
144,366,0.55
144,393,0.55
144,401,0.65
144,408,0.6
144,468,0.55
144,484,0.55
145,1,0.55
146,2,0.55
146,78,0.55
146,114,0.55
147,41,0.55
147,179,0.55
148,41,0.55
148,60,0.6
148,182,0.55
148,388,0.55
148,409,0.55
149,2,0.55
149,4,0.85
149,6,0.8
149,17,0.6
149,25,1
149,35,0.7
149,39,0.7
149,62,0.55
149,64,0.6
149,78,0.55
149,80,0.75
149,81,0.65
149,104,0.55
149,114,0.55
149,129,0.55
149,132,0.55
149,150,0.55
149,167,0.75
149,173,0.55
149,179,0.45
149,209,0.55
149,217,0.55
149,238,0.55
149,266,0.55
149,446,0.6
149,468,0.65
150,41,0.55
150,149,0.55
150,198,0.55
152,75,0.55
152,154,0.55
152,166,0.55
153,7,0.55
153,104,0.6
153,143,0.6
153,202,0.55
154,152,0.6
155,7,0.75
155,110,0.55
156,2,0.55
156,7,0.55
156,13,0.55
156,25,0.55
156,132,0.7
156,166,0.6
156,353,0.55
157,41,0.55
157,132,0.6
158,113,0.6
159,7,0.7
159,13,0.55
159,60,0.6
159,132,0.55
159,273,0.55
159,276,0.55
159,288,0.55
159,378,0.55
159,480,0.55
160,13,0.6
160,60,0.55
160,280,0.65
160,452,0.55
161,7,0.65
161,144,0.55
161,177,0.55
162,41,0.55
162,132,0.55
163,41,0.55
163,164,0.55
163,318,0.55
163,408,0.55
163,427,0.55
163,452,0.55
163,476,0.55
164,60,0.75
164,163,0.55
164,478,0.55
165,1,0.55
166,2,0.55
166,7,0.65
166,64,0.55
166,113,0.55
166,152,0.55
166,156,0.6
166,158,0.55
166,180,0.55
166,206,0.55
166,256,0.55
166,404,0.55
167,2,0.9
167,15,0.55
167,39,0.9
167,41,0.55
167,64,0.55
167,211,0.55
167,223,0.9
167,245,0.9
167,249,0.55
167,491,0.55
168,41,0.55
169,132,0.6
170,142,0.55
171,1,0.6
171,7,0.7
171,45,0.6
171,104,0.55
171,113,0.55
171,125,0.55
171,198,0.6
171,221,0.55
171,224,0.55
171,235,0.6
171,273,0.55
171,283,0.6
171,309,0.55
171,310,0
171,325,0.55
171,346,0.6
171,384,0.6
171,390,0.6
171,405,0.55
171,408,0.55
171,491,0.55
171,493,0.55
172,60,0.55
173,113,0.55
173,143,0.55
173,149,0.55
174,41,0.55
174,112,0.55
175,7,0.6
176,45,0.55
176,202,0.55
176,219,0.55
176,220,0.55
177,1,0.7
177,104,0.55
177,161,0.55
177,325,0.55
178,1,0.9
178,25,0.75
178,57,0.55
178,135,0.6
178,144,0.55
178,181,0.6
178,194,0.55
178,384,0.55
178,399,0.6
179,75,0.55
179,147,0.55
180,1,0.55
180,166,0.55
180,206,0.55
180,445,0.55
181,132,0.55
181,135,0.55
181,144,0.55
181,178,0.6
181,183,0.6
182,148,0.55
183,143,0.55
183,181,0.6
183,186,0.55
184,7,0.6
184,17,0.6
184,96,0.55
184,270,0.55
184,436,0.55
185,7,0.55
185,199,0.55
186,29,0.55
186,35,0.6
186,64,0.55
186,141,0.55
186,183,0.55
186,204,0.6
186,269,0.6
186,380,0.55
186,476,0.55
186,489,0.55
187,135,0.55
188,7,0.55
189,4,0.55
189,104,0.6
190,104,0.55
191,104,0.55
192,1,0.8
192,25,0.6
192,135,0.75
192,143,0.55
193,7,0.8
193,60,0.55
194,60,0.55
194,178,0.55
194,201,0.55
195,7,0.55
196,62,0.55
198,2,0.9
198,7,0.65
198,29,0.55
198,60,0.6
198,132,0.55
198,144,0.6
198,150,0.55
198,171,0.6
198,215,0.55
198,224,0.55
198,230,0.75
198,249,0.55
198,262,0.55
198,283,0.55
198,285,0.6
198,288,0.55
198,330,0.65
198,353,0.55
198,378,0.55
198,386,0.55
198,387,0.55
198,394,0.55
198,399,0.6
198,411,0.55
198,412,0.55
198,416,0.55
198,421,0.55
198,443,0.6
198,455,0.55
198,457,0.55
198,472,0.6
198,499,0.55
199,13,0.55
199,60,0.55
199,104,0.55
199,185,0.55
199,219,0.55
200,7,0.6
200,13,0.55
200,62,0.55
200,179,0.45
200,268,0.6
201,194,0.55
201,206,0.55
202,2,0.7
202,4,0.85
202,7,0.75
202,33,0.55
202,36,0.65
202,41,0.65
202,56,0.55
202,60,0.75
202,62,0.7
202,64,0.55
202,100,0.55
202,104,0.65
202,127,0.55
202,132,0.6
202,134,0.6
202,135,0.6
202,139,0.55
202,141,0.55
202,143,0.55
202,144,0.9
202,153,0.7
202,158,0.55
202,176,0.55
202,204,0.6
202,206,0.65
202,211,0.55
202,212,0.55
202,214,0.55
202,215,0.8
202,219,0.65
202,221,0.7
202,230,0.55
202,235,0.8
202,236,0.55
202,237,0.55
202,240,0.6
202,244,0.55
202,251,0.6
202,256,0.8
202,271,0.55
202,278,0.65
202,280,0.6
202,286,0.55
202,288,0.55
202,289,0.6
202,292,0.55
202,301,0.7
202,304,0.65
202,310,0.55
202,321,0.65
202,322,0.55
202,324,0.55
202,347,0.6
202,353,0.65
202,356,0.55
202,358,0.65
202,361,0.55
202,363,0.65
202,377,0.55
202,427,0.7
202,441,0.55
202,447,0.75
202,480,0.55
202,488,0.55
202,493,0.55
203,7,0.65
203,113,0.55
203,142,0.55
203,378,0.6
203,383,0.55
203,393,0.55
203,399,0.55
203,439,0.55
204,7,0.55
204,62,0.75
204,80,0.55
204,186,0.6
204,202,0.6
204,274,0.55
204,293,0.55
204,324,0.55
206,7,0.6
206,29,0.55
206,166,0.55
206,180,0.55
206,198,0.55
206,201,0.55
206,202,0.65
206,221,0.55
206,233,0.55
206,234,0.55
206,240,0.55
206,256,0.55
206,273,0.6
206,282,0.55
206,307,0.55
207,7,0.6
207,262,0.55
208,60,0.65
208,62,0.55
209,7,0.55
209,135,0.6
209,212,0.55
209,353,0.55
209,387,0.55
210,7,0.55
211,202,0.55
212,7,0.55
212,29,0.55
212,60,0.7
212,132,0.55
212,202,0.55
212,209,0.55
213,60,0.6
214,60,0.65
214,202,0.55
214,216,0.55
214,221,0.55
214,342,0.6
214,394,0.75
214,432,0.55
214,443,0.6
214,495,0.6
215,1,0.55
215,7,0.75
215,33,0.55
215,143,0.55
215,198,0.6
215,202,0.8
215,221,0.6
215,229,0.55
215,249,0.55
215,274,0.55
215,288,0.55
215,290,0.55
215,321,0.55
215,324,0.55
215,353,0.6
215,378,0.55
215,404,0.55
215,434,0.55
215,441,0.55
216,214,0.55
216,295,0.55
216,436,0.55
217,3,0.75
217,60,0.6
217,149,0.55
218,60,0.55
219,1,1
219,6,0.6
219,7,0.6
219,21,0.75
219,29,0.55
219,37,0.6
219,64,0.75
219,109,0.55
219,110,0.55
219,176,0.55
219,202,0.65
219,239,0.55
219,259,0.55
219,359,0.55
219,375,0.6
219,446,0.6
221,64,0.55
221,171,0.55
221,202,0.7
221,206,0.55
221,214,0.55
221,215,0.6
221,269,0.55
221,272,0.55
222,7,0.6
222,266,0.55
222,276,0.55
222,295,0.55
222,363,0.55
222,372,0.55
224,60,0.75
224,144,0.55
224,171,0.55
224,198,0.55
224,257,0.7
224,462,0.6
225,1,0.55
225,45,0.55
225,209,0.55
227,1,0.55
227,273,0.55
227,396,0.6
228,7,0.55
228,57,0.8
228,60,0.6
228,293,0.55
228,325,0.55
228,484,0.55
229,60,0.6
229,215,0.55
229,297,0.55
230,101,0.6
230,198,0.75
230,202,0.6
230,401,0.6
231,28,0.55
231,60,0.55
231,241,0.55
232,7,0.6
233,206,0.55
234,1,0.55
234,206,0.55
235,7,0.75
235,20,0.55
235,21,0.55
235,171,0.55
235,348,0.55
235,406,0.55
235,455,0.6
236,152,0.55
236,202,0.55
236,402,0.55
237,202,1
238,64,0.55
238,149,0.55
239,15,0.6
239,28,0.55
239,36,0.6
239,37,0.55
239,39,0.55
239,64,0.55
239,219,0.55
239,350,0.55
240,7,0.7
240,202,0.6
240,206,0.6
241,1,0.9
241,80,0.65
241,231,0.55
241,249,1
241,340,0.8
242,60,0.8
242,141,0.55
242,274,0.55
243,7,0.85
243,60,0.8
243,141,0.6
243,390,0.65
244,60,0.6
244,113,0.55
244,114,0.55
244,245,0.6
245,244,0.6
245,250,0.55
245,251,0.55
245,291,0.55
246,35,0.55
247,1,0.55
248,35,0.6
248,197,0.55
248,383,0.55
249,7,0.75
249,62,0.55
249,64,0.55
249,167,0.55
249,198,0.55
249,215,0.55
249,241,0.9
249,323,0.55
249,349,0.55
249,367,0.55
249,371,0.55
249,393,0.55
249,491,0.65
250,60,0.65
250,245,0.55
251,1,0.75
251,29,0.6
251,35,0.55
251,60,0.75
251,202,0.75
251,245,0.55
252,60,0.55
253,95,0.55
254,7,0.55
254,17,0.6
254,60,0.65
254,296,0.6
255,60,0.55
256,29,0.55
256,64,0.55
256,77,0.55
256,141,0.55
256,153,0.55
256,166,0.6
256,202,0.8
256,206,0.55
256,287,0.55
256,295,0.55
256,321,0.6
256,402,0.55
256,405,0.55
256,428,0.55
256,469,0.6
257,21,0.75
257,29,0.75
257,41,0.7
257,60,0.75
257,104,0.75
257,105,0.8
257,177,0.7
257,204,0.7
257,214,0.75
257,217,0.75
257,218,0.75
257,224,0.75
257,228,0.75
257,229,0.75
257,234,0.75
257,240,0.75
257,242,0.75
257,244,0.75
257,246,0.75
257,250,0.75
257,251,0.75
257,254,0.75
257,256,0.75
257,261,0.75
257,264,0.75
257,265,0.7
257,266,0.75
257,268,0.8
257,269,0.75
257,273,0.8
257,274,0.75
257,275,0.7
257,276,0.7
257,277,0.75
257,278,0.75
257,279,0.7
257,283,0.65
257,284,0.7
257,295,0.7
257,297,0.7
257,309,0.65
257,310,0.7
257,312,0.7
257,314,0.7
257,320,0.65
257,321,0.75
257,322,0.7
257,328,0.7
257,331,0.75
257,332,0.65
257,333,0.75
257,334,0.65
257,335,0.75
257,336,0.65
257,337,0.75
257,338,0.75
257,339,0.7
257,340,0.8
257,341,0.7
257,342,0.7
257,343,0.7
257,344,0.75
257,346,0.7
257,348,0.65
257,351,0.7
257,359,0.75
257,360,0.7
257,361,0.7
257,362,0.7
257,364,0.7
257,365,0.7
257,369,0.7
257,372,0.8
257,373,0.7
257,376,0.8
257,377,0.7
257,381,0.7
257,392,0.75
257,397,0.75
257,400,0.75
257,406,0.65
257,408,0.7
257,413,0.75
257,414,0.7
257,415,0.75
257,417,0.7
257,420,0.8
257,422,0.75
257,425,0.8
257,426,0.7
257,431,0.7
257,441,0.7
258,6,0.55
258,259,0.55
259,219,0.55
259,258,0.6
261,1,0.55
261,60,0.6
262,198,0.55
262,207,0.55
263,23,0.7
265,41,0.55
265,60,0.7
266,1,0.6
266,7,0.7
266,60,0.75
266,77,0.6
266,149,0.55
266,222,0.55
266,233,0.6
266,350,0.6
266,436,0.55
266,475,0.65
267,35,0.55
268,6,0.65
268,62,0.85
268,200,0.6
268,300,0.7
268,383,0.7
269,3,0.55
269,7,0.55
269,186,0.6
269,221,0.55
270,1,0.75
270,7,0.7
270,13,0.55
270,29,0.55
270,62,0.7
270,93,0.6
270,135,0.55
270,184,0.55
270,277,0.55
270,387,0.55
270,396,0.55
270,416,0.6
270,421,0.55
270,452,0.55
271,1,0.55
271,202,0.55
272,7,0.6
272,64,0.55
272,221,0.55
272,452,0.55
273,60,0.65
273,64,0.55
273,141,0.6
273,144,0.6
273,159,0.55
273,171,0.55
273,206,0.6
273,227,0.55
273,399,0.55
273,465,0.55
274,1,0.55
274,29,0.6
274,108,0.55
274,132,0.55
274,204,0.55
274,215,0.6
274,295,0.6
274,321,0.6
274,327,0.55
275,141,0.55
276,60,0.65
276,159,0.55
276,222,0.55
276,416,0.55
277,270,0.55
278,60,0.7
278,202,0.65
279,60,0.9
280,6,0.55
280,7,0.7
280,29,0.55
280,35,0.55
280,160,0.65
280,202,0.6
280,281,0.55
280,387,0.55
280,443,0.6
280,468,0.55
280,484,0.55
280,495,0.55
282,4,0.6
282,144,0.55
282,206,0.55
282,305,0.55
282,306,0.55
283,7,1
283,171,0.6
283,198,0.55
283,284,1
283,295,0.75
283,396,0.55
283,418,0.6
283,428,0.55
283,479,0.6
284,21,0.55
284,257,0.7
284,283,1
284,319,0.55
285,7,0.6
285,60,0.55
285,62,0.55
285,141,0.55
285,198,0.55
285,360,0.65
286,80,0.55
286,202,0.55
287,256,0.55
288,64,0.55
288,159,0.55
288,198,0.55
288,202,0.55
288,215,0.55
288,307,0.55
288,404,0.55
289,202,0.6
290,215,0.55
291,245,0.55
292,202,0.55
293,7,0.6
293,62,0.65
293,204,0.55
293,296,0.75
294,7,0.55
295,113,0.65
295,216,0.65
295,222,0.65
295,256,0.65
295,274,0.6
295,283,0.75
295,350,0.65
295,468,0.65
296,7,0.75
297,15,0.6
297,229,0.55
298,39,0.65
298,299,0.55
298,412,0.65
298,446,0.55
299,60,0.65
299,298,0.55
300,64,0.55
300,268,0.65
301,37,0.55
301,64,0.55
301,202,0.7
301,437,0.55
303,135,0.55
304,1,0.55
304,4,0.65
304,7,0.6
304,25,1
304,29,0.55
304,62,0.55
304,64,0.7
304,93,0.55
304,135,0.55
304,186,0.55
304,202,0.55
304,322,0.55
304,342,0.65
304,353,0.55
304,363,0.6
304,465,0.7
304,468,0.55
304,484,0.6
304,485,0.55
304,491,0.55
304,492,0.55
305,282,0.55
306,282,0.55
307,206,0.55
308,1,0.65
308,13,0.55
308,21,0.65
308,39,0.7
308,404,0.55
309,1,0.75
309,25,0
309,64,0.65
309,135,0.55
309,149,0.55
309,171,0.55
309,257,0.6
309,270,0.6
309,382,0.55
309,446,0.6
310,7,0.75
310,25,0.55
310,202,0.55
310,282,0.55
311,1,0.55
312,1,0.55
312,60,0.6
312,62,0.55
312,64,0.55
312,221,0.55
312,409,0.55
313,45,1
313,135,0.55
314,7,0.7
314,257,0.7
316,64,0.55
316,274,0.55
317,64,0.55
317,113,0.55
318,45,0.55
318,62,0.85
318,163,0.55
318,436,0.55
319,4,0.75
319,284,0.55
320,1,0.65
320,60,0.55
320,142,0.55
320,410,0.55
320,443,0.6
321,202,0.65
321,215,0.55
321,256,0.6
321,274,0.6
321,345,0.55
322,7,0.7
322,35,0.55
322,202,0.55
322,304,0.55
322,310,0
322,329,0.55
322,379,0.55
322,479,0.6
322,484,0.55
323,249,0.55
324,1,0.55
324,202,0.55
324,204,0.55
324,215,0.55
325,19,0.55
325,33,0.55
325,62,0.6
325,104,0.75
325,171,0.55
325,177,0.55
325,228,0.55
325,353,0.55
326,7,0.55
327,274,0.55
328,29,0.55
329,322,0.55
330,1,0.75
330,7,1
330,80,0.65
330,135,0
330,198,0.65
333,257,0.7
339,60,0.65
339,257,0.7
339,383,0.55
340,60,0.8
342,13,0.7
342,25,1
342,135,0
342,214,0.6
342,304,0.7
342,393,0.55
342,395,1
342,495,0.6
345,7,0.55
345,321,0.55
345,346,0.55
345,441,0.6
346,62,0.55
346,171,0.55
346,257,0.55
346,345,0.55
346,366,0.55
346,374,0.55
346,398,0.75
346,399,0.55
346,458,0.55
347,202,0.55
347,350,0.65
347,393,0.55
347,405,0.55
348,235,0.55
348,383,0.55
348,386,0.55
349,249,0.75
350,1,0.55
350,13,0.6
350,35,0.6
350,64,0.6
350,77,0.55
350,239,0.75
350,266,0.6
350,295,0.6
350,347,0.65
350,353,0.6
350,472,0.55
350,489,0.6
350,492,0.6
351,7,0.65
351,143,0.55
352,4,0.55
352,296,0.6
353,1,1
353,13,0.8
353,25,0.55
353,35,0.55
353,57,0.6
353,134,1
353,135,0.6
353,144,0.55
353,156,0.55
353,198,0.55
353,202,0.65
353,209,0.6
353,215,0.6
353,304,0.55
353,310,0
353,325,0.55
353,350,0.6
353,386,0.55
353,409,0.55
353,433,0.55
353,468,0.55
353,484,0.55
353,493,0.55
353,494,0.55
354,7,0.55
355,135,0.55
356,1,0.55
356,104,0.6
356,202,0.55
356,370,0.55
357,266,0.6
357,347,0.6
358,7,0.65
358,202,0.65
359,60,0.65
359,219,0.6
359,257,0.65
360,285,0.65
361,3,0
361,7,0.6
361,13,0.55
361,25,0
361,62,0.15
361,135,0.6
361,202,0.55
361,257,0.55
361,481,0.55
363,25,0.6
363,104,0.65
363,202,0.7
363,222,0.55
363,304,0.65
363,450,0.55
365,7,0.55
366,144,0.55
366,346,0.55
366,410,0
366,432,0.55
367,249,0.55
368,7,0.55
370,356,0.55
371,35,0.6
371,249,0.55
372,41,0.55
372,222,0.55
372,257,0.75
372,380,0.55
372,385,0.55
374,28,0.55
374,35,0.55
374,346,0.55
375,460,0.55
377,202,0.55
377,386,0.55
378,7,0.55
378,159,0.6
378,198,0.55
378,203,0.55
378,215,0.55
379,322,0.55
380,143,0.55
380,186,0.55
380,372,0.55
382,309,0.55
383,7,0.55
383,64,0.6
383,203,0.55
383,248,0.55
383,268,0.6
383,339,0.55
383,348,0.55
383,401,0.55
383,423,0.55
383,482,0.55
383,487,0.55
383,497,0.55
384,1,0.55
384,51,0.75
384,171,0.6
384,178,0.55
384,396,0.6
384,416,0.6
384,476,0.55
385,372,0.55
386,7,0.6
386,198,0.55
386,348,0.55
386,353,0.55
386,377,0.55
386,387,0.55
386,468,0.55
386,494,0.55
387,35,0.55
387,198,0.55
387,209,0.55
387,270,0.55
387,280,0.55
387,386,0.55
387,393,0.6
387,401,0.65
387,408,0.55
387,423,0.55
387,472,0.55
387,493,0.55
388,148,0.55
389,134,0.55
390,35,0.6
390,36,0.55
390,134,0.55
390,171,0.6
390,219,0.55
390,243,0.7
390,391,0.55
391,390,0.55
392,396,0.55
392,412,0.55
393,7,0.55
393,144,0.55
393,203,0.55
393,249,0.55
393,342,0.55
393,347,0.55
393,387,0.6
393,394,0.65
393,405,0.55
393,408,0.55
393,479,0.55
394,198,0.55
394,214,0.75
394,393,0.65
394,430,0.55
394,494,0.75
395,135,0
395,342,1
396,1,0.7
396,77,0.55
396,143,0.55
396,227,0.55
396,270,0.55
396,283,0.55
396,384,0.6
396,392,0.55
397,3,0.65
397,62,0.65
397,257,0.75
397,260,0
397,278,0.9
398,346,0.75
399,1,0.55
399,64,0.55
399,178,0.6
399,198,0.6
399,273,0.55
399,346,0.55
399,408,0.55
399,472,0.2
399,484,0.55
400,257,0.75
401,2,0.75
401,57,0.55
401,144,0.65
401,230,0.6
401,383,0.6
401,387,0.65
401,402,0.55
401,476,0.55
402,236,0.55
402,256,0.55
402,401,0.55
403,80,0.55
404,51,0.55
404,166,0.55
404,215,0.55
404,288,0.55
404,308,0.55
404,433,0.6
405,7,0.6
405,171,0.55
405,198,0.55
405,256,0.55
405,347,0.55
405,393,0.55
405,408,0.65
405,423,0.55
405,433,0.55
405,477,0.55
406,235,0.55
406,257,0.55
408,144,0.6
408,171,0.55
408,387,0.55
408,393,0.6
408,399,0.55
408,405,0.6
408,454,0.6
408,465,0.55
408,469,0.55
408,470,0.55
409,148,0.55
409,312,0.55
409,353,0.55
410,7,0.55
410,198,0.6
410,201,1
410,320,0.65
411,29,0.75
411,198,0.55
411,491,0.55
412,77,0.55
412,198,0.55
412,298,0.65
412,392,0.55
412,471,0.55
412,472,0
414,60,0.75
415,35,0.55
415,39,0.9
415,95,0.75
415,257,0.7
416,1,0.55
416,198,0.55
416,270,0.6
416,276,0.55
416,384,0.55
416,468,0.6
417,7,0.75
417,493,0.75
418,7,0.6
418,17,0.8
418,104,0.6
418,283,0.55
418,489,0.95
419,7,0.65
421,1,0.6
421,198,0.55
421,270,0.55
421,423,0.55
421,433,0.6
421,472,0.55
423,4,0.55
423,383,0.55
423,387,0.55
423,405,0.55
423,421,0.55
423,468,0.55
424,7,0.6
425,1,1
425,4,0.75
425,6,0.25
425,7,0.65
425,13,0.65
425,25,0
425,135,0.65
425,181,0.55
425,309,1
425,353,0.55
425,463,0.55
425,472,0
425,476,0.55
425,478,0.55
427,25,0.45
427,104,0.55
427,163,0.55
427,202,0.7
427,441,0.6
427,449,0.6
427,463,0
427,467,0
427,491,0.55
428,256,0.55
428,283,0.55
429,7,0.55
430,394,0.55
431,1,0.55
432,214,0.55
432,274,0.75
432,410,0
433,353,0.6
433,404,0.6
433,405,0.55
433,421,0.55
433,436,0.55
434,215,0.55
435,45,0.55
435,480,0.55
436,35,0.65
436,184,0.55
436,216,0.55
436,266,0.55
436,318,0.55
436,433,0.55
436,448,0.55
437,301,0.55
438,1,0.55
438,464,0.55
439,3,0.55
439,62,0.55
439,184,0.55
439,203,0.55
439,309,0.55
440,7,0.6
440,444,0.55
441,60,0.55
441,64,0.55
441,202,0.55
441,215,0.55
441,345,0.6
441,427,0.6
441,462,0.65
442,1,0.55
443,198,0.6
443,214,0.6
443,280,0.6
443,320,0.6
443,410,0
443,456,0.6
443,459,0.55
444,440,0.55
444,472,0.45
445,180,0.65
446,1,0.75
446,119,0.6
446,149,0.6
446,219,0.6
446,298,0.55
446,309,0.6
447,7,0.7
447,202,0.75
448,115,0.8
448,436,0.55
449,7,0.55
450,363,0.55
451,51,1
451,452,0.55
452,160,0.55
452,163,0.55
452,270,0.55
452,272,0.55
452,451,0.55
452,491,0.55
453,51,0.55
453,454,0.55
454,101,0.55
454,408,0.55
454,453,0.55
455,2,0.55
455,4,0.6
455,15,0.6
455,198,0.55
455,235,0.6
456,443,0.6
457,198,0.55
458,35,0.55
458,346,0.55
459,378,0.55
459,443,0.55
459,475,0.55
460,7,0.55
460,235,0.55
460,375,0.65
460,439,0.55
460,449,0.55
461,462,0.6
462,441,0.65
462,461,0.6
462,463,0.6
462,474,0.6
462,483,0.6
462,496,0.55
463,425,0.55
463,462,0.6
463,467,0.35
463,468,0.55
464,1,0.55
464,35,0.55
464,438,0.55
465,7,0.65
465,273,0.55
465,408,0.55
466,4,0.55
466,475,0.65
467,21,0.55
467,463,0.55
467,468,0.55
468,13,0.55
468,113,0.85
468,134,0.55
468,144,0.55
468,149,0.75
468,280,0.6
468,295,0.55
468,304,0.55
468,353,0.6
468,386,0.55
468,416,0.6
468,423,0.55
468,428,0.6
468,437,0.55
468,463,0.55
468,467,0.35
468,470,0.55
468,488,0.55
468,489,0.55
468,492,0.65
468,495,0.55
469,256,0.6
469,408,0.55
470,408,0.55
470,468,0.55
471,412,0.55
472,198,0.55
472,350,0.55
472,399,0.55
472,412,0.6
473,7,0.6
474,462,0.6
475,266,0.65
475,459,0.55
475,466,0.65
476,29,0.55
476,163,0.55
476,186,0.55
476,316,0.55
476,384,0.55
476,401,0.55
476,425,0.55
476,472,0.55
476,494,0.55
477,405,0.55
477,479,0.55
478,425,0.55
478,490,0.7
479,283,0.6
479,322,0.6
479,353,0.55
479,393,0.55
479,477,0.55
480,7,0.6
480,159,0.55
480,202,0.6
480,357,0.55
480,435,0.55
480,488,0.55
480,495,0.6
481,7,0.6
481,361,0.55
481,472,0.35
482,383,0.55
484,1,0.75
484,7,0.6
484,141,0.75
484,144,0.55
484,228,0.55
484,280,0.6
484,304,1
484,310,0
484,353,0.55
484,399,0.55
484,472,0
485,304,0.55
486,1,1
488,64,0.55
488,202,0.55
488,468,0.55
488,480,0.55
488,493,0.55
489,7,0.55
489,132,0.55
489,186,0.55
489,350,0.6
489,418,0.95
489,468,0.55
490,21,0.9
490,104,0.55
490,478,0.65
491,13,0.65
491,64,0.6
491,167,0.55
491,171,0.55
491,249,0.55
491,304,0.55
491,411,0.55
491,427,0.55
491,452,0.55
492,1,0.55
492,4,0.75
492,13,0.55
492,35,0.85
492,350,0.6
492,468,0.55
493,13,0.65
493,171,0.55
493,202,0.55
493,353,0.55
493,387,0.55
493,417,0.75
493,488,0.55
494,1,0.55
494,7,0.7
494,353,0.55
494,386,0.55
494,394,0.75
494,472,0
494,476,0.55
495,214,0.6
495,280,0.55
495,319,0.55
495,342,0.6
495,468,0.55
495,480,0.55
496,62,0.55
496,462,0.55
496,499,0.55
497,141,0.55
497,383,0.55
498,7,0.6
499,104,0.7
499,111,1
499,198,0.6
499,496,0.55
500,36,0.55
500,274,0.55
